quantidade de observações,dimensão,expoente fuzzy,Hullermeier 0,Hullermeier 1,Hullermeier 2,Média do Indice de Hullermeier
10,4,1.1,0.4444446802494742422300059171289238570269364921747556928837201034638332842720438262404391708028331689144724669771919707160338835204280566261650492087086819230928901290241465466145892073686482299471817047510538239430628263377066964496437637805876995477351098735123329142509370770688856016751569227834851666775238634978916025587644811868466134518098034983681098328279291719638140855583812124819846444896,0.466666379492424408783337542526411117883527073707713981213449206527735569258449107982489413942981712683357995286111471157749602705711452512731961176452062343386434405810127975708922728742469777847942005647078357530728613965915869901993859368271374201115788326898021917549922448126065022114332639130746051845913728786783070369026238817383028076020678348643050554275711384278925597316528437627063201143,0.4666647731582794733277027871820647780235918461723368294581178020635957407167670246900054718963747147906508823704240587880306901097586691050133136125902009613629053468085845271914837802664449024653364115291197477882743696589561427906237413777168207762803721498340327422259399240406015476889063151148733742052244809566010732173095482049472958094932640287869600357367897873825349894736481882924802328651,0.4592586109667260414470154156124665843113518040182688345184290373517215314157533196376446855473965321294937815445758335539380587786327260813034413325836484092807432938809530165049985721258543034201533739757506430873552699875262363807537881755252981750437567834147958580089331497451840571594652923430348642428873577470919153817000894030589791124412486252660401409468101145417582241161859461338426928326
10,4,8.325,0.7709800877028323271630011950267450746169395516538768824242940409276368010531462759515519635037697463509102267241401858014236541259450289948765598014371099709839413739964140017536365938243994541335458303284841374459700247423629121655852323715007354709793314793694011378529952549608947742461060202960087846291093206571902489958950985488777081702442490939469057537065642669617674450231659521754226426108,0.818747846916492189175184543603622872880558192106326829868703899922462670572636820012308799778794511353940364125432593819378227074002800543028848902888565631693537167664744130920435843132123840161938466974016762422860533195656699817745539510873434555579926763979992034345556016030559127631703931604963801492264756068036760433887430827268810801822326873964749075062628941469536986838467911345179061058,0.7969499374086562360877615027303800491067119570353482561423700665652066439789512590000021566268902285293291410846154831619974779068183213948915078365019293696899806896335573622628141734005494741922661443207735719382677096171249071341968842622660244943145482802204026416750862731286760633087439433319726955860012760101714699196798408415578240777896068125932483269778571690248624833185809804817326215282,0.7955592906759935841419824137869159988680699002651839894784560024717687052015781183212876399698181620780599106447294209275997863689220503109323055136092016574558197437649051649789622034523575894959168138744248239356994225183815063725092187148800648402912688411899319379578791813733766550621846317443150939024584509117994931164874567392347810166187275935016343852490167924853889717267382813341114417323
10,4,15.55,0.8210200589466996406784408521885013863350357690761541578094973652929422144062554004086302138862095395857828515962018517620539780130078985247073794178851588292160914698282277769151022282453050073158161363913807013224339403861887109105665278057743507492296836144973872069581584674825807749531452911192126947559118834640598383730606979050786282685082713983966046758219888040722434250070564631778153888623,0.8111315191412256056404527816705495119503891178982885789772942588201162211477477402983610432260287715166282216662125444488078567323175443609566333530875152043964336102233064092628685188403745102327473999641061532366651321583711129492610495346925376329831561950070287807559575824834245713304748396451425853333613643319183036767041532890118474130611638379463702360587492334688185139814820247342476582089,0.8250572414384040274906262879376789293078947759198955703281452173315247848342567193493262372700177690276966242146681781924433464939909859852852289773977244934775727441275791743215372777799826836304790297762778958393276100157404748881502299198369806705623743873696014403671551673175433537608381534553561350029516665445374424596888760985191052417183865735078713876376840066722460489941792645867519888174,0.8190696065087764246031733072655766091977732209647794357049789471481944067960866200187724981274186933767025658256941914677683937464388096236497472494567995090300326080597044534998360082885540670596808553772549167994755608534334329159926024201012896842584047322913391426937570724278495666814860947399038050307416381135051948364845757642031936410959406032836154331728073480711026626609059174996050119629
10,4,22.775,0.8217034419359934424114052491615728923281064423968709730577201817606413708394895905588842478365123665549569467085292837015492003218410539831181387631956939117400385013092159453200276973613016711556125484329307212295332997371299692198369144868010376724798902827790697482208879638285666712884211976762142892974090142150475161536858898953792394754099605049737648970815889285143226721633369448057977488691,0.8173006136983349989165131740123811499256577100211536695543036927223533475152288261999716276476315342886630673896077324537830156878053188510449325153868074137732572064145840548912233608288993676854668745529857533992326428835359228180968457646032555328897961859016774672758604983864369705068280043074140108774210581170117423164988871558188096034938220226985402180275267365245771417360034921741999089199,0.8265473419070595277595204788972373991702014826708973688996494848457882990593605970091866572138149142745612346157356553571789010881789397750260218724180385653499846072501221515811862204189275424508067085009447946895550355697938639728690187184521446455146213551000445820578930275238584551198299052101455787750973451742443510017175463215980949854398103938573540533328517803820202057584905080194568880895,0.8218504658471293230291463006903971471413218783629740038372244531095943391380263379226808442326529383727270829046242238375037056992751042030630310503335132969544267716579740505974790928697095270972953771622870897727736593968199186702675929899521459502947692745935972658515471632462873656383597023979246263166424725021012031573007744575987146881145309738432197228139891484736400065526103149998181819595
10,4,30.0,0.888297335477566968868062803056423460712858779203284307522652805559878769379986140015325549194221600847532066770724957140325237194671339557892143056392732108472752985246253949593561662552793806855910957293062355162941965956018460303727187781285538781536520270850092743989345751362954356492653886121268939365414420632230764698917580512010425763794752876008907924500857835832674255878120031322830523539,0.8934162398893197067622694674945268492036625039717222191150550701716913869560516531489138851626441100182662238717425827075395479736150642033955518354922335795374061514208346070558485364649844773644370529177191923378877592896999819957478264167841493525315480835345621733047236089434942662157383964522703386284912191010366132667274280827080761521000111372505065624434130120783818527143857318427759609168,0.8281034362726698802429639274452601820994938520050662256819670239158324527776024963101390853968118866882312984969976448086479855587604185524513383268248205404989850619993984480540940615878567030371501538061624323578503055026128025482006016750301703439955300500142225821369237951946579125174945923600772749554834991782696930731645371527877132201718913006133460601393405518758759659610780240843199419619,0.8699390038798521852910987326654034973386717117266909174398916332158008697045467631581261732512258658513431963798217282188375902423489407712463444062365954095030480662221623349011680868685449957524993880056479932862266769161104149492252052910332861593545328014662924998103310518337021784086289583112055176497963796371790236796031819158354050453555517712909201823612037999289773581845279290833088088059
10,8,1.1,0.4666229170566372524512581018070154216732064657664226961499149593980661562338182338833086349403077970209315700334273888924072028693118181170346871221371094847274036006496847742548590329063740568325537529568360583931392084578795908584224148535622484420489013290724953741012516572938214430059596514698750277471274596881005910739651698823119880821585658231373308467231164657262860099855853053025177437157,0.4666663920686150705525738810584117901381528128835525334636536493802317373050304535165027355066433418164160404566845911466546134132976891892430160650614718027574220639995355420349761772355531590732792510193922395481316345194258955331979337066880945716688375105316428269743808745626222362848965114445205261564898661831430707085030622627270195331472087270176788934950152325150378098713038280359414110664,0.4674289941246361024469872263347897403738522960791058541519654598648343441076078270329918572816304096582093460325311965212875341548347558475469845563872906962159434745636690277881496167483040290634130794859056277272976869477011070322689042304439342471445441596988324020919248652738235944992208656929807151916786452531239489768933695803157485499277703765136245961897266202315613215340081044707733755117,0.4669061010832961418169397364000723173950705249096936945885113562143774125488188381442677425761938494985189855075477255201164501458147543846082292478619573279002563797376297813593282756300770816564153611540446418895228433083355311412964175968980924202874276664343235343891857990434224245966923428691254230317653237081225369197872005751182520550778483088895447788026194394909617137969657459364108434313
10,8,8.325,0.869562993393213927282636846508270644254990199851751921281050325704011474172744543214906360342169349614449615494552086374548931611217768907751862072851802764317718268313069883572366254295352460746025302297548808290533670716728525751752233048082482130282271888001915146272821041041088159217875578366379251403697942894242104630129951985016957529619000515184355400815598737123929565920763658008311745604,0.8677329284846713681340297325587870196912603575206194660012653172280010781461441362306857234912296652929383389855085780068401490658905089256350465640417159353862005031713564085108228955439283424533835887593053633790918174228955544833040605329867699565861419402068884976045560448106497606983712612068325821734376076546492822270653464415256645719499173824392512969999741160703183942606371407506139919515,0.9260019838993025784877690260836466379043238355655273803856623724052450638084573399113719065903786246382112972329335235228094647788669072548340075160981750853959387979295113522045581565950798135645799038794745622230437984160033013140286087305445159950919745679436581513833312597110793066184507996863935897308702018584510762094153229072999681932979446419161276121677860201237513784333368463334408014155,0.8877659685923959579681452017169014339501914643126329225559926717790858720424486731189879968079258798485330839043313959680661818186583950294069720509972312616999525231379792147625824354781202055879962649787762446308897621852091271830283007705379226939867961320508205984202361151876057421782325464198684744360019174691141543555368737779475300982889541798465781033277862911059997795382458816974555129903
10,8,15.55,0.9868245422139806814324531439792273373765598395842308869964347136465419502103381959513174895922644140226092131980927472740701452594174525768968763915816830345029378165684653104610398389470554923529566151792037827472515835233765908030609955922095002136097066044436509136943755608040830749079912976833777211573788171524906809318514043393339564698199165068212264044482435132410267311585222535167054488206,0.8874078520856106002764090557346675307233719595789548981167410181562240510721399854210477886259636564507839719058893449668872768942466139099595205327166698915753534636613204552911875472276177495164486816629559294380616488551581989909564327940623189302959573405692351494784960967788830166671957107506118953877295682779758884233058618524261107965529599319214889092805652630780025274809051724927179924495,0.9725285891354898626728906163692780402012765122087478132038322748110695209606918535282025902753960534498009940085023951205349728839075439875680012060340241592396332656703453433195885984171112493266763357205453353817413767677019081448446645790980852874756387210777386905680166425079881483598049224574723513710000793173289465829764154435800435849826499273537070534676144232457949577039558405319127171055,0.9489203278116937147939176053610576361004027704573111994390026688712785074143900116335226228312080413077313930374948291204974650125238701581414660434441256951059748486333770363572719948639281637320272108542350158556848697154122326462873643217899681437937675553635415845802961000303180799783306436304873226387028215825985053127112272117800369504518421220321407890654743998549414054477944221804453861252
10,8,22.775,0.9907124999952717397405306971027156217621500372946182624600816958242804542588681180431070384833548522248802803651520136285250687566465143588946471262583033371955838945885260002635342513080336044250353006686037377639976762494120300633248153006312504945348254758363635766027255638210514448731991564789762108508092436126110888878279894669832139770349045621442859238016845571807928514341946436556421969007,0.9886981655285167877567877649908480183226256672382209096701409517673833632607350361486415044420781534534958776806691338929878364533258000209202546325039887246746404018668529172892417684604054024680361762881324035425720646908210444610632378876412304650863006878709347604989644620786331317302315832290178627011181265619848302440623156618179736514125466745385924692489097669889626656475755242986485898067,0.9827207720385192484153299947068455030483808222332761083692095525776783106454069004920870370994598104712595444021448213577032381524800227858184609853689912666368334839947876505798156391001489083281932644495691084353955430470488134418692946907793038717220953841997755502040349668350964745316566116416424563216415735594345357487019917403465544745796690098867987512205417135002775724284884162568739065992,0.9873771458541025919708828189334697143777188422553717601664774000564473760550033515612785266749642720498785674826553229597387144541507790552111209147104277761690192601500555227108638862895293050737549138021017499139884279957606293220857826263505949437810738493023579624352416642449270170450291171165455099578563145780101516268640989563825807010090400821898923814237120125566776965034195280703882311022
10,8,30.0,0.9923978022076274836470753617861118063201045912725380077963190917665592158612616685324981764169616357404804290562761183240409382223646993232284251107487288562667665118982779377106169649852777215357312933873969769387952214468564430810833593553981772220573736683846258448144411230022128795569545788125131134514154936265434789182591305709622619417972606254305350095075234694797290653531256883885224187644,0.990148619744956752684494153278637423427273497073423068461318863512677553257402626959068436939417188438825750413520839351428175377823019318276353762437610840444078876277392017091691533476022603381109340085975636490098637744641986387090293776675748599558892676565468876648423213749478484644427480120635390684355710975276000531144838250610097004561195531198716045283381240031254282971208282861375910439,0.9863423450859371726465812958854514671233922443577944983867701258917508551445072095768846271525040897491096315589867063467527264210099022735120102428499745570561963010101834318753108707232549293353914489755985613365696622900701175658159102024656559259230586945266148740177128074508374931736124988121628284758315114702157251269062042796528424042337566196371057050149702374287576179113351540374295914183,0.9896295890128404696593836036500668989569234442345851915481360270569958747543905016894837468362943046428052703429278880074072800070658736383389297053454380845890138963952844622258731230615184180840773608163237249218211738271895156779965211115131939158464416798255698651601923814008429524583315192484371108705342386906784015254367243670750671168640709254221189199352916489799136554118897084291093068739
10,16,1.1,0.4447736644367945502915519588527891727144800188884526014904981697075056816609977591460589090721610864545752642687961763555814550181969324991900984080110814465198114447423455644137749044500944310048148300710284755113543779297722050509971617794748426174934942355363083230702696710171001495101973941121528368841884007792870537933520282326734192921763587528399226693799574374791391338840486039223750666216,0.4666723730090934448326229627250731900873021218807031039079946541475508509101293972956831719098100390286680165607706661931665036388384461223944613859479584302165519157260801901551789267330767137968942714714415591300665537639190955195044627762429363200013388326174249519986376550355308644598055514715530894858084045560756265569665009282266471825720217283589787912487783209974218618346512155321502586919,0.4666835982124009049685033841051410281392950680615868003435317832282127801609044802186501721836307976834489702319967620492697124874361906126900240988837486692353368007159540309254329401672932230134296553948829733860757406848602151962515468188437331121229443185685586104300553996501415980230808706345319563443632029811772864069602705621367541020036473472602710155229734438273979570181210551814356610674,0.4593765452194296333642261018943344636470257362769141685806748690277564375773438788867974177218673077222307503538545348660058903814905230780915279642809295153239000537281265951647955904501547892717129189791176693424988907928505052555843904581871706832059257955740972951663209085675908706643612720727459609047866694388466555857595999076789401922506759428197241587172364007679863175789402915453203287936
10,16,8.325,0.9296920813227675720660105836452367804151987521943360665406500565387059897863589624283967428345219651066613615395681686568626826387091227688157856705958143714582684416013210485148880878583290015222054494303166724745893479976989163738216936480566312185648521148383110169465008616747304624379977012241346105314819598858790376438093096366026495263179841243522747371956920786104069740564200109207984124913,0.843523798518932812394079525111914261614725808465400916246812710186740547619173718869146776099755679735135725742669093449581445408399754884259092987660812306623911820305170381745459598144597813795277771721884244854623207615369245194008652835456110337740798634677498997913102867965866182979029420652674897456614498377991968291136837143726662840099610918943106957512856756397505592755244550343425372338,0.9884326507663842876634912533226536506105674916275770522428973913419186847013592928817923199965843623153213236438746921426897675304820213107610539045997793080640574333599989467178134992215112213905064098347673878153017783416863741022021729658105746480598954337254622304480653539191311178475182558978548101837504605074110293705157364126164799802489303062140949142594206042813578104607419645190353817546,0.9205495102026948907078604540266015642134973507624380116767867193557884073689639913931119463102873357190394703087039847497112985258636329879453108542854686620487458984221634589927203950748126789026632103289894350481714446515848452233441731497744387347885153944137574151025563611865759210881817925915547727239489729237606784351539610643152641155555084498364922029893231464297567924241355085944197221946
10,16,15.55,0.9641047371484581949246413756397485357529068918730690745220521960123636780999062586121227899774240591323176474175400691347471535483523614210992205661558066261052148990402186028816715162808061757857482449080890440196576947899069274380135268449958009575441745859112686514170949010759456926817634628485499800081675793455488373980985437229804546813572480628234032390639827543357275943663029072990427009913,0.9653318193700315917582635331909741229706265353783422746644781754375769996328051311714861607707855813542253198724713832205584336554141298257624534548416227785393623212354622236591888099772176312945820543607210643379926569506579842626165685684086535398892760744539667122607196391751901143634567959693433679922641902200356808152040059349102658455081997543050346936502467649782320925734769458152719041915,0.9563474754590173507248721511379534441517334700947421261330566405876846116873224859426045655175489838348915266641345823815755483450659625321473171702964054515912511045904096486305064332727832126416444460656831263857637344458397418577563355870871944350714050070321129548577289442684435824459355691252499590148683511738337641552313122639084830367307603950983959240426986982208544784233543807922276130809,0.9619280106591690458025923533228920342917556324487178251065290040125417631400112919087378387552528747738114979847153449122937118496108179263363303970979449520786094416220301583904555865102690065739915817781644115811380287288015511861288103334972163108349518891324494395118478281731931298303852759810477690051000402464727607895112873072664011878654027374089446189189760725116047217877114113021807394212
10,16,22.775,0.9755381805408496575061555262161281097006392839691403947254899728912088754531432291160132105510379424761785438865160248904704131377912300610139995088719979557033132697360186844477159378562589365906987254632915923873107333023715091803500068096714073883140028341874698076244097235338723578169567414522972488339001009556369687449102576828995435916594115932823805678230027664920568315035382721933625819076,0.9779552042025070828915044558379760411711978464742986625870379927707461759739647502210695851072855431527475947388612631725184178018981003259555912634805496033656957509726415032233674553087028908461306323882578553952100834713351830294214423854910815065921992978324559265537894418756984846322264313427418775159990073719516149453696603366889967103941450053887331693351083341797271511545422997610796783545,0.9694960499237731931746893151617207753858773082018543993481532362660987354819919061106123350321274866381370344762380824266266682701161163453618189216590210099834812697309465488901579289806715675140336008688237562895674138075552990970077175904178527843466377539590787429544111039714804478456504277246910666008483295266030775343016800571930166393663762401772759496959150619823000962225710671265374473156,0.9743298115557099778574497657386083087525714795484311522202270673093512623030332951492317102301503240890210577005384568298718330699351489107771365646705228563508300968132022455204137740485444649836209862401244013573627435270873304355930555951934472264176132953263348257108700897936837634316112001732433976502491459513972204081938660255938523138066442796161298956180087208846946929602172130269932358592
10,16,30.0,0.9812417529763561536837895638876953536175004774747809048642973306117532821794521498797396308473229553524299549441751748286363123606612192088485800459580985669015426467903242031363132295228315913762687743823942501867027056570784539364048664507334932797002397909328822447750032179827506011267667246538722445797117634145081742787918198575617038071450942199822740065880980732041142859022016305116341173734,0.9836250421383983176782286950912465875752246994315391530143461827470011177001927008047281327423791621032588995041192210053579474758710707985972394213290363972831967140794522779979523087124550373122751144502958549681537830464612306762314813301375335519580289236783857101083677085363709587907827644214714076396735202555969531866634313154018314662022916897965552683104772121780977348332366316984270645688,0.9763030428905905581804818063018815859648765306201546434809402593712821714972832580612369650731613821734929035465981350245348107447389534061302789341120987441337886684438732128536231419776100277437823239308311933878805053321262901804842345831987078475224306837961257270573930842170281698654370188363017451926836810180132861695707419770059023280343781029123516901815802493815444122629079910293017302189,0.9803899460017816765141666884269411757192005691754915671198612575766788571256427029152349095542878332097272526649641769528430235270904144711920328004664112361061760097712165646626295600709655521441087375878404328475789980118886582643735274546899115597268997994691312273135880035787165765943288359705484658040229882293728045450086643833231458671272546708970603216933851782545854776661154177464543040537
30,4,1.1,0.4851992719693500454445205177207820886516943629748013988636762571086852354406590701680590588339543348851273052495836991271468519455673249440823691251583428276624103119898383713224065827286789556497199327336939076790443569088460071455495672383784131879836051540947174511239278289158100690234573457575839493343582461494811785499274525527660476313301208905511660985048602934317834126960160570431388528514,0.4854128686817031412301370709671774474990598210023588695539948290745801339020410514436770805150198481376136416971394729106392857905384636567422140506070096749964080535415005217382028088351576163849306883623858682301131134752724360220086912878429388044374921834312407022717657958646448573557469631293319440438617472987187131221650984904888822891190978972874847004046124157666063847056429253744731130339,0.4851781847306834169219046834230150365263284673567543793191678964897930038773057521035223876369335332825069685115350121113456907274878661017871888336650545625059095049856046943897506749783520406115259649499085859105506364454207356218342282350279519405057028562317722613695795362277174874475657045615616915716847315591549211971665135899111876456761673398630689203155921806692861161203946498710530312434,0.4852634417939122011988540907036581908923608837779715492456129942243527910733352912384195089953025721017493051527527280497106094878645515675372573364768023550549092901723145291501200221807295375487255286819961206065693689431797262631308289204164346443089333979192434715884243870027241379422566711494925283166349083357849376230863548777220391887084620425672399064083549632892253045073512107628883323762
30,4,8.325,0.8762467630206971349312791265263588551794847194710183715096283203467023268643000316484486491760186515300007765727313720426317982967487504726214748888440965593244189541662642857739658722842075172374744592437456503627109127219266309221821051230478345583598705566191963722612815183053278720100748481688147358756861205956524190220282471234724759551697872528063004139957734719293379593093752077849542409782,0.8999801995905789176194119535060137900902307520891786510719503416143419063496325855363329711436056308840308558103547829102136200082696271785841455142205560851400975742660948847975828565733916777431387501911995194961563495064791321052636678013291815519172940686369249339993631142216420691689500552156101900004855740186088269153623408453691366678296871900097952805414500935621614047676925614211256682741,0.8642286665234042507755307334594342057617649348303486549060096952440157019152405442083138920077015434199839039609028449676442845551235150334086728573514408207877751974446903411319305610406753069499414262676719625078301966099932597305976673027519303896077087385480107884457836155515259598091017649544888136170822019835520937587597995131034310562749540400723719995308827912494503323181131930842637736708,0.8801518763782267677754072711639356170104934687968485591625294524016866450430577204643651707757752752780051787813296666401632342867139642282047644201386978217507639086256831705678264299660915006435182119008723774555658196127996742526811467423763154999616244546013773649021427493594986336627088894463045798310846321992711132320501291606483478930914761609628225646893687855803165654650603207634478943077
30,4,15.55,0.9333651483820113408312197564115871319862300128979866885862280827425418153752586245460571066794021027301496733037624342288088065753851855924542251141134823524261093683804881664568701340621443822547631297969552060494835791029627273569852220052567415941734632636749798505718531747358740721418982309339081818571739768076220237695570548568399860709939755242082644111546006217102673226518423931816730268102,0.9345442095090673404771827366118707955510000492865774731296847758538913640361086073596625804494793007541244133815573895276638443322258643704248759620601904530102511673225332881627243344601490996106093632642205404907440008202382932161030042332216596431124680841626916546481674192414903088598821812702157087087889761284037890388554389569023421464302116330568161643257710810700643617029350020032690151394,0.9280960225739196631241293980849183185520434984590099725653586660381062476883815482230610019177932360506700212551244195495376945605240865049426838941098901158805492997485478552124209908172238420441107334156776285977134507432507650151456627646944282531603690065445217434653496657480973983346768864731621478882738375872146039277346256779587696734871044986665807940256920311401410048641475688349710273897,0.9320017934883327814775106303694587486964245202145247114270905082115131423665829267095935630155582131783147026468147477686701151560450454892739283234278543071056366118171897699440051531131724413031610754922844583793136768888172618627446296677242764968154334514607310828951234199084872597788190995590953461514122635077468055787157064972336992969704305519772204565020212446401575630729749880066376897798
30,4,22.775,0.9550272940421006390811876516861070333936296516818922717739782959565083667137766155018465826919963175306599075880342637078353215883994543951124141463426656315385775792906696684110125464509247614385729750973579639628351465357373859754893861513832196455249360052516538445419802264103793502039550453755768401262058091810893772098021811059965901682653047292335124829682201897862248328189364371788739212351,0.9549932963998874160406756894918803339994286805202088368309758929110230241823460257164906010911586474590199973544752284239085395223145602305573016311528623271656163353308235616096678595731204918581767775636430965333311210220919511806687251945147225688968056589875664373292028285019806372402120935571057847064022660395283962082145540787867948850975224771699749626473092382768207783095861595670264398714,0.9516674382350505087842479854942406544094208793068888947346088829018070614624228376383921164683516506616973038594268975716987064883067435768839402024372578908515078285820513295839769779773892731523006364863084773328291877934615978987993433295181863166614884589493589792139129712449024041472005053628445937617767723996921530850658841566316422087665749822118059159663022927238776555747286366766781377214,0.953896009559012854635370442224076007267493070502996667779854357256446150786181826285576433417168871883792402933978796567814189199673586067517885326644261949851900581067848186534885794667144842149683463049103179276331818450430311684985818225138709510361076707729526420361698675385754130530455881431842406198128282540103308834360873113805009087376467396205097787193943906928974422234417077807526166276
30,4,30.0,0.9711167179008099403175317506439140629899012116970131594059134899803462589266377930128004402619758523740127395204348519456586476206096809369001684976233597171964674230237979287070308770065856632503261094680321117626881664289080488751619772334470627643964554137042740099671979238692649804664081029261515840779691940693528378513897510021842276400879301288960495914534050296820689948161940818062039331457,0.9593941400980106802383985855059952050539208834091522323946803266612241306956983463475333047224187652175323828881902309877281968695081951180924263958123311087396189817874603755658482650089704976331122626548372361317517155407946398639595247155010278277268382657752408832766006181186366335352756885158739983363108466697447889536513757640152882351204921353346077730622184647381663493597576230870200637089,0.9640116146621893557055811833422540964645156648662348015187209934510218865830935873328551546259466591497248296906757231949044296108912182344980735409751791076479653306525841460872735206009749698203251507465442669796139585851998654091601355537519457744951298330072168958750863133215334452356687860605669986987564375937027763900531040081195945739810186785121083913521462850583001740365419565952995299408,0.9648408242203366587538371731640544548361125866574667311064382700308640920684765755643962998701137589137566506997669353760970913670030314298302228114702899778613505784879474834533842208721770435679211742898045382913512801849675180494272125009000121222061411708289105963729616184364783530791175258341975270376788261109334677316980769247730368163964803142475885852892565931595118394041645538295078422651
30,8,1.1,0.4919562975412073327330552001427400707178968156122823999570367169592207796722169283920609516462688812734154925629454859639133728052388251313859136659990502064731124819619200216326714468858015353425065990071347037910906101196310916325301536037917363573140930459656170419810136055221106488989533320135616254706312935475403798580830851776621264567443067274013018873023335829692109751432845759270179630864,0.4916290832012534342901461362997824525800985038162417767506101734887390974867944966768547461547253856619200044024611003718427028075958101335082408641542308227964585343942285358625647289990763739872431833799984020774218382164053809199115937582062115074048142177934458664997148187071809016583034805193754630836135408689980151676646748698227207481391551240035025389628205582168128259185503925865186747939,0.4851375923976416109497587033643473566952794530233514616074154868740706928033790965688053444889980506986285395951103553747060427333290917562576090743781017131681908138684901035270468170519508967494608436927192545345863773110977967921257711243441869840517785521696648737197009667573310299466142088988646012886060666455437290838561078813315454727789773860117290018190300304945139129061959331638954088039,0.4895743243800341259909866799356232933310915908172918794383541257740101899874635072125736807633307725446546788535056472368207061153879090070505878681771275808125872767415462203407609976456096020264035420266174534676996085490447564481891728287807116162568952719762425940668097969955408601679570071439338966142836336873607080365346226429387975592208130791388444760280613905601792379893436338924773488947
30,8,8.325,0.9833557827499322691209752124770291573123335115738303851534834345126023554457545340035936351091897552295733246757122202636921153054386747884679421383658273641758507998043392484818035852094367971137718653791603213722868796576885663015778414117588033822266167861699112358625696682833337486684293204044571172385391693145569577904728994705988201734115630432612739589920107691652982762647083034732899939868,0.9957990343350636127149819448126167391783137743364445932506770315978558529611177769602847675407489450326649605217393752245014496443866858795221779513835242134709232867338950651759863161568709298163867313370182320706152030553149564846482864219841219625272867048712116480532069138919137201451571694220104973784077885848780464972700313932272474810984631750947080473060478806267919874537061478039786366904,0.9622179242523510015301739255191523387490339197172759324465073885677658185844412121897504676902889055082466983024408243151333789538500197139769418310671483734247363444149393432855117256531683188707605052925815558775435779171638525553970314880797204225081214936070859808747659127031388404751793201704225368282083703218552503133830626385189915746538147066811700323197455130863396733346349451236530821369,0.980457580445782294455377027602932745079893735209183636950222618226074675663771174384542956780075868590161661166630806601108981301225126793989020640272166650357170143651057885647767209006492015266973034002920036440148553543389125113874386440607548589087341661549402954930180831626128769762921936665630050481718442740430084867041997834115019743054613641679050679539268054292809979017683132133640570938
30,8,15.55,0.997822010266365018198968809466851261206129070087454867686538550082528731163300834803061122644136378722999170348906874210947633649548076578645672180532990049617243846543807828562896100215088188389696688507030718366569400254601449349406014667837755833516443183065139824962442504556419566679517015355903462060167546646236160924191407764850301404949413948830854074190184002001400752954794075095426739678,0.9975476756230930369585125451343760369212041767154404534911759763065678951005894926461766629321019900423852649510322397164718320922840881370079148730246822202796465798654655016072573145838499744418505350568904569243631648141777996315241580622102006574076434000350860450412843097708659481316624588296711504690918176165584583383936365348360481552659350434784568799320019898568886020421445513953220477426,0.9946119314908778095636153561904379622873909212931226342423145645227907384585843479372737107594059671059915187635469543254704639126646311098686790194885317803268870479324094023208618152472511857753003207501279797954321869009416935736667361039346753983062188772469904239407043753383735961726225531553690305869999861349130605163274547777329109222182154896669950130856076228318296305669791714465465150645,0.996660539126778621573698903597221753471574722698672651806676363637295788240824891795503832111881445290458651354495356084296643218165598608507422024348734683407925824780560910830338410015396449535615848104683051695454917323240314184865636277994210629743435153449072097981477063221886370327934009113647881038753116799235893259637499692473086827477854827325435322402597871563372995187972599312431767495
30,8,22.775,0.9899566063596760077372266954459903133526556943549931090089626848671659755137067895933749754129363321434584883769004256441617955762466432432957423253604898962324102542571401607120117551917955916345416549694363108876212789153747370959222013825213945828310214019852335152056786222547525192619926781412587643204661965882515783623490457349319621329515575487128695342040501769184860069887631694225161993524,0.998669935363609162898514631247435143933404602376506417896704503705958832626248320366771073098381881604546072413255265775858385381470627226065184071162341755805545697594823828176155635349678031921848027651888128145431923299933674461818936496817254526328630789197076210409416813921678643103084533384484204677688365597777237199943598037346523833724620852891240798733657100223123166703154971310125359113,0.9961817539396933034860585691740465906209775995614696977692120438902500897822556312628308278466776424421998654466586255343235162465193129591810063327234441473574713662527956229401795484000463340675271482872411429723466054334064218320531344586641839041694721783781913617868537540409349995178597342736247673279940209234474209784103682526238090267521482571100093265788312871972969080997452473891303753318,0.9949360985543261580405999652891573493023459654309897415582930774877916326407369137409922921193319520634014754122714389847812324014121944761806442430820919331318091060349198706094489796471733192079722769695218606684666025495716111299314241126676110044430414565201670291339830634057887206276456485997892454420495277031587455135676706749674316644761088862380398865055128547796353605972211293739239779324
30,8,30.0,0.9929037367334764924067339791960412876251277747801205216237740990595683544288428326920529050839321568050064968966352561005873184572436590328821354797377207707762530212648167990161507505155600204418666222196297329648214832872626339465380659194381950823389575118490577033514008274430502533423727444569288739744004798556679639107806838512251110118883524379976031521323746449417368221658873799478879802811,0.996385056268579997358966619419774715815625163201872499626244726456070600170524524742544258074411136552993600618766167670812614705137378433058472799852510810733920183535495704497049416031870862564440671682893411800655989001638715934082119684307373714237168717679600899381377099292733313644382315223895142404719606875842834489227270738737406875856302892878661100271742901112740243690033251242200876686,0.9958181029730619077158872270087477184869453048122129904009215295027664391602244736371008287333949762653854156603825940533557875439615074159419609213009243255686833300215596597172750109287687142647223660441830070295373062437092952275974223601532594963706370509516999175054217275903935093461204459621372465212254873787508811752839466539200006076461713578060178212728605982033301100557772337634743408906,0.9950356319917061324938626085415212406425660809314020038836467850061351312531972770238993306305794232077951710585946726082519069021141816272941897336303853023596188449406240544101583924920665324236765533155687172650049261775368817027392026546329427643155877601601195067460665514420590254442918352143204209667818580367538931917639670812941728317969422295607606912256593814192690586372326216511877326192
30,16,1.1,0.4835395139758601890704612969707691686213812970024968699077854155343409830964670475535119394482972607750837472986924671974312738945131765514956760055518291301232904709105130145421059605070868632737751532296750139288590660281119291269325853092292333670585413308620362739282334734781226509623063083123733382005723161307192900039418306244777259200393420238687319425275316620200490099529275640191153359247,0.4921898757086414151010450089517112041854268896565313622052607534021932244436457823984179060729999859589338181595747574959690174890181789842212384782981458255963452679653090291260604502561177603667405298930098566498831427597168646030986860927171834655142247794470071493428165841588112316207273047058466022501852724417337929227408718305080920424721681393338626460026440740126399999218181890388033414609,0.4867026554776528245352338360601415834532598270746360379790077289991944493041742255253849142631236746486049449889417959209180803806798076773078260820094100795572292822206478271672678079739232349032055973438168990569380260392238125968593004863725766324489023280959200683199084834182036798363343818978895774167433077454039771373293114576725408903726122352019841028381832241939025353627351867701059713844,0.4874773483873848095689133806608739854200226712445547566973512993119095522814290184924382532614736404608741701490696735381061239214037210710082468552864616784256216736988232902784780729123759528479070934888339232118934116090175354422968572961063311550072228128016544971969861803517125208064559983053698392891669654392856866880040046375527862842947074661348595637894529867421971817458269799426748829233
30,16,8.325,0.9985584138269139228120322619497617087543905744778122647390379064825281203020163764150646336180889108467863667415825890913722931760882648762146200128889544005816386629972899492315053873685349445502897798725935331206353872082547138234876097156329577935944038738577968063149411492496425089856116165896812170927298062364815611975218096647461464700093904789252408070230052074992459506041994043674399752501,0.997888699283579471640460135861865323135998266215741616283464462211141064106389061292558105233435399573516845398120134393187816458019504132929278385567316423156824548487077856205578139173775585989255640489985936689331582981259726257456378960260114389797652245325241345088751187785080917731334144533498894758478145284177322821570762659904388650218831427565263611297885442876606538183512000971725275955,0.9981123892230663694887253638272605692804815360498510719820427957776964723553942533258607337123938066503633633582091378848865737996093247549152872295685237519533296442878032607988518630930950414665552564646870530504845384277909191019681370671259196302766603388952000876634595408459279122210749839580853948919222606925480857519456994845736272668755426442050303172391530405893395944754963106577908849255,0.9981865007778532546470725872129625337236234589144683176681817214904552189212665636778278241879727056902221918326372871231488944779056979213530618760082648585639309519240570220786451298784685240020335589424221742868171695391017863943040419143396639378895721526927460796890506259602171129793402483604218355810434040710689899236794239364080541290345881835651782451866812303217306944210692386656520453769
30,16,15.55,0.9991122999317085467796125822415651314017246917497922823765698385071179089728111545053619575827297087160258475197736779750142735918131265642784399332597018352700745576406382082796434583394508355456532028751947164285015580800223906532479168540319846490993884764623409000635425629905669643776065699542472438576990460640122085625538393231211939515219393285063270183482327711293574990965396199623076223558,0.9978648692631243808742065095648343223014299682274906507336090338726554075271619078792288801028939431267599207016257261652329658331862757520674599009700966182769221763519428811031536382190042886722419149985692679567533128884164760846932527602901466854607190071405158967100595804986666642321516534746823864323465161312544939378045383995899944710733126743931251305071557417027065613121350761656188263467,0.9989902957747233569203169799501013388170531657680935674024190248375275485143706187473784827534696458116051136721927404686927297640513735297314159013633152312611407008917619442890137333856980582897718485770242132455179182832224585442684276509795503393550505179039626018601981615267856465150788515980065589961726464120449379180813114766334469820033146983401196807800212028068640683148927185189309377211,0.9986558216565187615247120239188335975067359419151255001708659657391002883381145603773231068130310992181302939645307148696466563963502586153591052451977045616027124782947810112239369433147177275025556554835960658769242630838871084274031990884338938913050526671689397995446001016720064250416123583423120630954060695357705468061465630664482118015328555670798572765451365718796427095745224715489524621412
30,16,22.775,0.9991856434892394123275196463310966299958737968334805513568108120055602474527127448021158513146372226457195516697594844459404029631406191924175080391522826741571502207839920539396241591770208649594640751660537610353915669004793233568189171473401928906097672156574280588758379192061470514506243498538592985077913509489727965477871872269487200447940531452381609869513897385962066110622666097986903717362,0.9968813150235860231418311461766667789163000015008926594427844040620545218858700960560810960826115678003136178164144259035628429271423336322062791413538235477833000600826914630815828122379156953325854944141043850627438204622866155173691504917940071949295648670317604900125130965066287121131223428557743422036938707418732307348825799064665563319059539682481875875208678676327453214270381021995857880654,0.9985152833966045819014469776569441896824406758976071071962614844102651622279988788537021113595913125683311698537419393418668158879862915139894783173284202578863905804214009867325467015265996506234826328798108833654598967878650583724688744814363616425520994174731104952459683870516271004603958255057142583339487224699435835922456007595668699464371514366108901173467655061749372362201872152868527825744,0.998194080636476672456932590054902532864871491410660105998618900159293310522193906570633019585613367671454779779971949897123353926089748112871088499278175493275613620429361501251251224313845403638510734153323009821198428050210332415552314040190187242697143833387433014711439800921467621341380839405115966348477981386929870291638455964327382107712386183365746230606341037467963056236497309095042980792
30,16,30.0,0.9990778320112532709086169513865155339704765836257474563413141841609587533043188044400013366444190574878601803567112354422136658978228404406119211329978941262495648448673050014366288170655625080817694082548260649999061374683191226541926797538251391093219787218581946478250721258758017545355549087232679429118921492429987285369915756449290013767188082130901837665344656023252464062326599571036607447119,0.9977127412182609939668339594958322909448312206450123015944333214526460817184091122388850445398164317135577793840804744127178714495666651049537376655642280847601464758462746156843327999033726211552895848618271775988003004290141218690002326578106764487551401152773019906858639981569613394528849217393957714308668560438611682380449877363990310420069035515511986518758764582762423707693223990541527349681,0.9986394055803420053767427103317114267582706769700591539048716247737781134829854204267257103758933095456457620671584888355014500671900216348537391604910690326574792250854106637390017378898471183927198175917696810419432698290251440891004248850498379095210467784340525719602895983176200335208119750614317817467870223197301000229998642775844223281579823703755581827455738950587122908274534272961601678241,0.998476659603285423417397873738019750557859493746939637280206376795794316168571112368537363853376266249021240602650066230144329138193175726806465986351063747889063515266330093619987784952927415876592936902807641213549902575452796204097779098895217822532721871856516403490408574116794375836417268508031832029848675868863332266012142552970818248961231378338980200385305318553400355943145261151324549168
100,4,1.1,0.4959044272846462143482259025054472838751119574233392155721543077407129031928407627693035797498332969567640336355485642171461748318140099294896926493096293049630896510600627675268212294277148040432200879358002028405159440456479960419841035259098503487807563158469434337649979877770194096801128846059138623117723829110680014430193219255880823730820535770269428366213850705354116476299804605546769860139,0.496452401798071785194833826026675236086146790074062264426300865110593008573926501553243249930245673690770618225967013333509495457788908281282891652539771885350438777185752136046556023819281955804444923735244762007800440774218153957336204059516128527728823450677488346923749986273544669083147142262804090643907702820466408638714176051367822982429794831352300389909298119852113321882582971124202582882,0.4996106203588371254693460146838657609703478420339151704958980876898614301098868779977117219892682232953753404339275476063390679047566115819219706952224482185136120394611801351625014871261269994812457281624089270056141745578459395179982140032469714413966767241723194204482694289871224069734354248655982182370466757031593349739432665439533770772871448814996536184951492764045969276503430053827668088306,0.4973224831471850416708019144053294269772021965104388834981177535137224472922180474400861838897823979809699974318143750523315793981198432642315183323572831362757134892356650129119595801243745864429702466111512972846435197925706965057728405295576501059687521635655837337123391343458954952455651505781053903975755871448979150185589215069697608109329977632929656150086108222640406323876354790205487925755
100,4,8.325,0.9240212370821803398081976538982847910724492865267585594424303484562327847711684106858226362109070813961764148309408820217001125365456771704934974328197190306109251502580759715595030025125667229200425193209272054947036514831641901862276783748099158707097534879025611322832586407758749050264627328770413753669623742406819822418478131681162590290181448657076447321875411762858340575850824071032259960615,0.920245509995888948666547667141045094689395066696221780781583143262119163709150603858765272364107560648621483143850267729320181643572014691641448473705861035325925619090638538509030173620430704632220876783593112768294082162258812989033565228355216832577566687798184997045964862248462925786690182012858242336424447310964720984691641819126981399172854360679230676586237620074594895681252378001897211597,0.9222526017464343305325280019437122011894215014815786294340331934681456606117242541826662259583717431446905725292174757195621653182400714081871513778674335066356917960713054860455234877882658078052325872325215092052619576073358061063572957841607088892333178498635289685349027806593349924827086481778778662364615311171486302934825384968525732985425660974432835221470593816306413212034246447002219186116,0.92217311627483453966909110766101402898375528490151965655268222839549920303068108957575137817779546172982949016800287515686081983278592109010736576146433785752418085514000666537135222130708774511916532777901394248941989708425293642720617979577528053084021267518809169928804209456122427443195385435592582797994945088959844450667399782803193790891118844127671964364027939266369009148991980993511504209
100,4,15.55,0.9799396711826764956995833369759839458194471678689253855446467811809268500060786581123433232773670879648243494965784474550877069414844073622651490756704589197895471462390503008275967454180883841278332724752629113592606022371836135212946581363216225393803434011056251814401804885664857369851246884437269411648044788116689505880923246679232462115792563673083594554426770038107263357203841768135870269041,0.9612601365161922012654262911820301431320099695415862614000923214741567182271185408248436711131173135403897577962015136665754202194727759842834303761620192501062614863540354893909850808010223143114817582763690298850642432282717824817892355866976245634358114450750217999517738602550690953015537418719156578235211906712934836643978198217909047676551472421467581556037100782855832546726639367907327942065,0.9588347333670906614912785916977018367295099196466319012445066937136847317574636981887876776726553915907419528292848208413864733456035193039722147452321422926985135190140418847835834751140816562599808169710763474487099469459671527450976444497386999025098374917417192664031085381466804201698874591879876295686796967061130626776930752027101970274270225176460758518424984517778807545916311095896562043304,0.9666781803553197861520960732852386418936556856857145160630819321229227666635536323753248906877132643653186867073549273210165335021869008835069313990215401541981073838690425583340551004443974515664319492409027628976782641371408495827271793909193156684419974459741220825983542956560784174855219631678767428523351220630251656433944065641414493355538087090337311542962951779580634483282264077313253418137
100,4,22.775,0.9866779501520689115650984737782082795498159456534963192265489532890985493832383537889312828234632352493472378143875028770832863193155639514576063734236300492892350445948898399976474822673821320708411761261036871139070575703790514730671122035076756082503844266916077659829439303617974716100803862630472253164138228588379292798676349809772478848774856277087277262965990715728414588466719764806359369841,0.977005982370725529717115115241135358197521557314787280782788894698639013048213125094921713689692264785825224589506038029986096209979914497541257572560879548038688043781903694555363074426764771874332710259021582354311679172619100812079506137873563813227249975384251018407065080484446799392692642631244712759925032080427140269673525240355929207726752162906005280103511540430032947810732332493651658646,0.9696914120953801337286561150196197899159174267667348324666415916022924051203607018073982495328032884662289861828601145233541430239491586790310385260062414935722328013706998264222803265078932723524077280910607625848799837587837607044646505472034666107765167445788187165806170185407386746894161522654028959717640059933889752331922715801835148164790610937996264876122560689448063544553166910709452181774,0.9777917815393915250036232346796544758877516432450061441586598131966766558506040602304170820153195961671338161955845518101411751844148790426766341573302503636333852965824977869917636277340133920991938714920620106843662401672606376632037562961949020107513837155515591669902086764623276485640630603865649446827009536442180149275778106005055639696944329614714531646707888936492269203709070000150776046025
100,4,30.0,0.9871730773278008207236335337138777346701835039528696387403524698904389033597691988781377856779487640912448803191221004685249235859091097633882755294840322518704473109325153452106810992346052634400204148992253237100390547307425788104668172946226161006785727594678986686709815365705780885719459733342710604666054962796385066245145149644488397081165637656524336360834422948212475461275341599511280941698,0.9829456323928191486079725435822139910083255074494002386475021538080494271100846301900068575093594550967004109768949933083241418226927265094317392189035074333533446717258348359124679131882644676857389729984097623410262048281942369700443922690749499257101631974703287039394148953536841461124891737825494155986088725298941995838559197563775037081776770302763270461240423207353287196497076752230815430542,0.9751912520256824084163018972009609028346726392781882499478983864002676731239215406394009045672676788922398466346072683626301345716187937833240805481533293083830761557313592403874258466415389832999629842195075982752730077000786254771579685288790128733540850651937723835618780892193277297916815221483805621207857114563089211064617851164240985456243194325082867142811056939742414626723169081935809948942,0.9817699872487674592493026581656842095043938835601527091119176700329186678645917899025151825848586326933950459768747873798263999934068766853813650988469563312022893794632364738368582863548029048085741240390475614421127557530051470858897260308588596332476070073773332520574248403811966548253722230884003460620000267552805424382774066124168139873061867428123491321628634365102725761498529144559302107061
100,8,1.1,0.5063194242875399344789487074876412396067046648325627611566563673718395224423709446388394135699333214060079500361205177204193523726678273827434711512715582025529628532167388803919590009611096982024983091028689524427085806205276020484539985321120346483325445429087269676371587670203398387851172667696132535704726038289910341509346011553067791236737877104504725565728829612013230779381482636691873001301,0.5015510538677549336621927270525009696632264131748810772313357709655754639351433387774414649466190129034787704786853938432660043245731134033143200465450224522674025502323721034987830794244669464298559838580661606410097273516113347517033748155657957805901289005541482579375161790460920608314901186008124026546818516590631764281385807502190411666475917372830713676707580392107948913857652491516083751036,0.5011176333701465897403353374619782944324966962142633696007060362701661874484726030285820244234042329611108991727150171384263717716837282240300760569260648236160651160831171253544671903008573384626267498704560122413912635040974872096310653040245738474342235736288975111363136522630338786633893288720365162854863673912196931943527302542752490578552955871118571533979708133530745074957135587556258589254,0.5029960371751471526271589240007068345674759247405690693295660582025270579419956288149543009799855224235325398958403095673705761563082230033626224182475484928121435065107427030817364235621446610316603476104637084417031904920788080032628128839008014254522990056972575789036628661098219260933322380808207241702136076264246345911419707199336897827255583449484670258805372712550641589398756905254738447197
100,8,8.325,0.9983148306236413086757289123810299783617358633233121812458873614783587927482222182479411626445013997794954255210660327890996906973381188575470362610729339763599040225842234220777814269971021423418976433011815758367245284140592090000768920514469515853890719332683238570805699550262069694944369672076522585317540583122960441792849485916689304033050660310132028849647590405206773382438192194436385645226,0.9982910355183167188023323385098469389871299468303607598393025624250462242350567044833340158342313700066031536755884438690731563395084577091422153254440169083880924370277867786226143308447905068289959122741845146316559756427643522692452936655184725214020709276444644594132883637712622321268802712847014892303994834363282474260683916621802038256841333562702440202234455985534534260974158963740965867349,0.9983243483741178285205839144761382030444819591076925409860251252254608969642389284488548710970481653820721574092490201471461801364174081259537274367984171845785133176286763604031122417065781056180201198858454803783222993372786734498143118318895021411179408992059012234893434721986796452159294680044751100244627529191406476550507226082578349181463247271107724871095127662660081329003380003834090571075,0.998310071505358618666215055122338373464449256420455160690405016376288637982505950393376683191926978389390245535301165601773009057754661564214326341105122689775503259080228853701169333182823584929637891820403856948900934464700744906378832516284975415969694586706229846661067263665382948945748902165609619262205431555921646420134687620702323049045174704798073130765905801780046299080524372067048069455
100,8,15.55,0.9983461321571716351212193414732814990162052019136862446738291415196165579194895157671482841775843666795124860060287231223138878745677347088169867155723226462621542664004715164395071855597027056316225427851398054846081230027840026811401706454326993480409828143301776590917408147305037565887683680344566409561661916933144755770666495476195505382214331348492181006388575238646945667033456405766955899702,0.998726582815101461243484664320505275178412746825043123454530026118006546148693592147631773423881194427322861561706482868252685285525489077450088775846468240679183404603304404488064000872891912005724349282199037187980008008015756581017546690388156965303820619507149975007425784225707006297899961414908565338735399674573865200540198676603763565194545013522437704206298887354282912810715654232158604276,0.9987224517166551002798000983825057361869557963834913709030565770262430818609459479689865893571998157696504487737923534420979804654484078118160437304589490736306396837750108528980785515924720481067162447574914864080635109149333908845857966407717659645467605650929972855364762941277624320763826465639306861120430508623863602607028690156316544756714282802444031642259549760946018756914177941088336363912,0.9985983888963093988815013680587641701271912483740735796771385815546220619763763519612555489862217922921619321138425198108881845418472105326943730739592466535239924515929289246085499126750222219146877122749434430268838806419110500489145046588642074259638546663101083065452142976946577316543503253377652974689815474100915670127699057466183228596958021428720196563570371291045264517351596963058959435458
100,8,22.775,0.9984504057619074167138642618033834673801458355390588240525497675905926158387474209734304847313920243639800758360364162049395997892779904091023229527474819612683458136045248140599972911079722434267838231524672173738318119341641483597044748607848225000548319194937777210605715737564314023800434940755609470768105626888100851350774194333686153608058121036773107352169537933619798102614915214649005988933,0.9990777729071510838099974463425353996217471109062032841466991680287103454434607122637154323787573217481832625198456973812700769258046410191577142158121866093799633853872746744337960670840467489445368873681784418962221596540079084877020239877284186275888676312441329220751902299944206420985214220372024464976495282405746752631154990658822252794026830370249422998633743178092911402426818935601556335813,0.9987376458332277359413728920260328118724993512286082549337585331222630194258578409717010654731294443456826666304968038769984295693597372719484004365956187548936361532897103577092267782106518935787817021616063589642893156210958315553882317622670972512333218176548357384942627566637108162961786379184175264430495393200577367292138816887817980749373961559076633280673515386868233967822455277439526622163,0.998755274834095412155078200057317226291464099224623454377669156247188660236021991402948994194426263485948668328792972487736035428147456233402812535051762441847315117427169948734340045467556961983367470894084006078114429069755962800931576870260112792959007122797582127210008186804854286924914518010393640005836543416480832375802266729344212905048630432203305454382559883286031449095472980923002964897
100,8,30.0,0.9985052396077004409675201496070927410604976079825219202769398465639021620984276812860380507915564790641031341979954271190292613151722110396988771181568663060752795251674104290503913249390374934905044357499163266248665967416387138795506363834980480341861776657549634465402694584162741738513959050668877110732201596456022072587046830281906025287332898931226254832164455468686581552791846515509552868511,0.9991194517048879373610943478104499066188243063828817687177051207835408319029137598622008703756651389461885015245674801796571775293607984523425151300495350635757749856190400390213657882759017071770317622389073571443191952768811719693185003145532123614189742741781052778203694329157635031849347656970020864526631150696722932573946339554510480631298868100750080074922525589173767048086374707377779339832,0.9985930969062797155249470980369833546397333328597581004742178750782765305328078754569323143405503841830511556328498985823474015721768197483444525488284684774601618279463473827194470386877821450994043527744553044560196394745746432240340292600028710250979183816454009711713311127003988910031591627742120493912085851508322828943837024825620658276916617034050528097527876942564609849943262714950242915524,0.9987392627396226979511871984848420007730184157417205964896209474752398415113831055350570785025906673977809304518042686270112801389032764134619482656782899490370721129109326169304013839675737819223135169210929960750684771643648430243010553193513771402343567738594898985106566680108121893464966111793672823056972866220355944701610064887345721398516128022008954334871619333474986150273827979279191707956
100,16,1.1,0.5072473113499656492148002514364425493718610142927100896992168672171899229114627505840827640033311036979406853001562764647410188989461008501012995490099667931179982419166309672599688251768541621905328284108112508215933378567646570942170023491672782722293271094277075096185722146464293273760664527446638048307524758527874171936876814314195381462077685806567325471262081147372338829075692326870171956274,0.5016524414041300285361771096054395351317745939998479205895158794184420990594991023501884515863509342825713080062625522504498556021981062055127866732678394873732651606878766086003675199326404061929616960303013444115808713394075820504679109129307471956311359339816718982548874497182815127780374608135018222587520311609630137451360082681533175874931147068949711676615394986048395959202395716816174700562,0.5015846031581629134257270154324602874392482030973535814141528983965818664717277718020616075740069022374733554333590183417563324299110405652221270048053136413144954784963879299546573377434218457622805851755153075117928749548028041344066869159210160447985069311506851171478289138454524644044921055106110495344633557360262997417081020319280353008500082612675304472448025399610164505730750574024566545527,0.5034947853040861970589014588247807906476279371299705305676285483440712961475632082454442743878963134059951162465926156856490689770184158736120710756943733072685862937002985019383312276176388047152583698722093009149890280503250144263638667260063471708863233248533548416737628594033877681861986730229255588746559542499255768935105972438336303448502971829397447206775167177676966431336279539236971067454
100,16,8.325,0.9996145186701613383670583958901478891298461129240049969475433956558050018330653345435216769801167689890272870445326849352199767720886442753511349474933310486182770943405216998546508461905535915489312770363880995787617856469411314497635168838334039782040559642174310875888148764137183406283053573035487602685302128827740993734807956694459599204084537539573937743085586452263402634154070394743378931436,0.9996142131315662258931649052491491256093343054578256843573166895495003707523277241554854855539364253827314895268812669442028836850097043254714941131399802728173764323998609023421049152650321779571969957529556900902658025096627654273596966831595373558718053126415652459624320280317761510297608573492363407968869375148092882079951337438176182605280600092939282223093401984176972804206600965144118478005,0.9998395561855294906930631184727760393722004327249362281936689796096736012080206912131501045326761634460540267031387042192518643688351346459922264047519076933823016403872245106981149596007444184479930223300659202611948452961875514999007463613662771402543953515726913439391876448260641905269479031746047449459196799755235977005549629256402355667536873571222133139318551342425157427552639019021897319278,0.9996894293290856849844288065373576847037936170355889698328430216049929912644712499707190890222431192726042677581842186995582416086444944156049518217950730049393183890425357042982902403521100626513737650398032366434074778175971494590079866427864061581100855428105625591634781830905195607283380392757966153371122767910356617606769641129679379158967337067911784368499179926288510955304436792969798242906
100,16,15.55,0.9998064439449071619123782631454116664012288614855176408111520298026652448688362999631620534865890171732545873338411102551576330647360301252872436780509753328312097252331819704147799893824794198732868771240809405716394852742398074252821640103046662487344021673555668588789054642055161527671692441316672517138231301660520850452034128631861125685004373335415989678018335514029288431099051084042403655116,0.9997326991527462083434067504402667987383712639567084587638168194725339753382752385027994660958267750879986965261412375331391767847098379104266452841132960536825935882392630700577842392824075888968886129263240512190463364524906852489949604997547789597285230325884499766641105675865107253512441182489216490277086631822499546158416442394118815998842285882247879040854916127098685624355763446767249115436,0.9997293847311037526058266784177077745664873466242968965077122238523141595098304597078488988038474782546952020185790561474349521504622937457529269946602477015848276609362195347602335281190898729729523570827112773186236046867903462502534426900325348093563566545887027703574460109044545760399742525264571341868980449470442251182186763717184968026511735070479181215441608876957311087051710238163486316263,0.9997561759429190409538705640011287465686958240221743320275603577091711265723139993912701394620877568386494952928538013119105873333027205938222719856081730293662103248028881917442659189279922939143759490443720897031031421378402796415101890666973266726064272848442398686334873475654938180527958716356820116428099460984487549264212444914388303236786131429381016644771620172695095047502174922991046362272
100,16,22.775,0.9996338565822968213003505335343029319194367452038980367734378395207878808939615625763841349907525081541855414908407692307323242022588642071218832248581778963100042336287142124179738643942190096257583376539302197485241580022462508793632756947515980189251703956675235229788051747451763991890378909914838367321513486836096785852950032644657997521730731843865645239945260037418320738131954720229647989266,0.9996894552032247078308850014602202759763434194526537652854098385966233056567122832837407765387083728860219149324889626403414219146749184400671822059029788323296824242097298864337259133681390332970768813981071287394405344149602925752405295907900057512218050028114801125052162336964982194320748989596244928079327716168226847590675400780100450585339737151444391284071907739623254356467602516677407225135,0.9996444085017812268768450377971856851721415859339504527235395337228808410153376629288158123622261046674424382246571684053008785477692719207108207218181444215119494821783577275388967536038044991805946789271396444822589057553921524094222224211046075375619398672523219738461010233541886501822303235147153761897989790834232313068953414666525818009424507477379654227080925384924070972844385656183679003848,0.9996559067624342520026935242639029643559739168635007515941290706134306758553371695963135746305623285692166315493289667587915415549010181892999620508597670500505453800056006087968655104553875140344766326597256643234078660575328986213420092355487371025696384219104418697767074772652877562677810378219412352432943664612851982170859616030428088705498325490896563583699364387321882022481314297696911406083
100,16,30.0,0.9997142858921062914346545756667652422156742733511561837532320490361497859278555815704455989272872634031875678174711188560499630756046808341685602709540317469682475089235330750833254203149789641562081645846447000145908317989290849130104019420623758398736087862982402952556037849978862180763600782211537169814901291360389501974372065038193084869769385741954777055489618906954983373856691444901479396499,0.9997358440841895216432082872087049058271626123689808401087745721468193588662135492792740586272377748184808113787144899539843250924724424909982091434181033470073542004090717091006589251407648880840990543080171545602066110216636125914699608201054713255829248080222100677924956478803243767717726386062091085079871645916415023387860026487652266791465205958796424394446499031584629446418176343458282528844,0.9996869128196834261407285872754748444093936228243732329740719528578747923451482172413499997797900446122408167445019557292252911640993157926721415559861091478224858180969050482057215593611302613332625737882431518397670614422130157926348180364634805219661309357300037335999278146935612632877657810374472146085660795810199852416241601401571674314315437489403083503172165681401811870415300747471972520381,0.9997123475986597464061971500503149974840768361815034189453595246802813123797391160303565524447716942779697319802291881797531931107254797059463036567860814139326958424765032774632353016056247045245232642269683354715215014209352377657050602662104425624742215100168180322160090825239239527119661659549366800326811244362334792592824564309139008658516676396718094984369427873313808230230056178610578148575
